bin_id,location_name,latitude,longitude,waste_type,capacity_liters,current_fill_percent,current_weight_kg,sensor_id,collection_threshold_percent,operational_status,sensor_status
BIN-001,Zone A - Commercial Plaza Hub,12.983600000000001,77.6026,General,1000.0,92.0,210.0,SENS-BIN-001,85.0,OPERATIONAL,HEALTHY
BIN-002,Zone A - North Market Recyclables,12.986600000000001,77.5996,Recyclable,800.0,45.0,65.0,SENS-BIN-002,85.0,OPERATIONAL,HEALTHY
BIN-003,Zone B - High-Density Residential Apts,12.9616,77.6096,General,1000.0,87.0,195.0,SENS-BIN-003,85.0,OPERATIONAL,HEALTHY
BIN-004,Zone B - Community Food Court Organics,12.9586,77.6066,Organic,700.0,96.0,280.0,SENS-BIN-004,85.0,OPERATIONAL,HEALTHY
BIN-005,Zone C - University Campus Center,12.9916,77.5796,Recyclable,800.0,38.0,52.0,SENS-BIN-005,85.0,OPERATIONAL,HEALTHY
BIN-006,Zone C - Tech Park Transit Terminal,12.989600000000001,77.5826,General,1000.0,78.0,160.0,SENS-BIN-006,85.0,OPERATIONAL,HEALTHY
BIN-010,Zone A - Central Promenade Metro,12.9806,77.6056,General,1000.0,62.0,130.0,SENS-BIN-010,85.0,OPERATIONAL,HEALTHY
BIN-015,Zone D - Industrial Sector 4,12.9466,77.5766,General,1200.0,99.0,110.0,SENS-BIN-015,85.0,OPERATIONAL,SUSPICIOUS
BIN-020,Zone E - South Park Recreational,12.941600000000001,77.6166,Organic,800.0,55.0,120.0,SENS-BIN-020,85.0,OPERATIONAL,STALE
BIN-007,Zone C - Sector 7 Municipal Bin,12.95135,77.56969,Recyclable,700.0,17.0,14.3,SENS-BIN-007,85.0,OPERATIONAL,HEALTHY
BIN-008,Zone D - Sector 8 Municipal Bin,13.0069,77.55742,Organic,700.0,67.8,189.8,SENS-BIN-008,85.0,OPERATIONAL,HEALTHY
BIN-009,Zone E - Sector 9 Municipal Bin,12.93503,77.57054,General,1200.0,17.5,46.2,SENS-BIN-009,85.0,OPERATIONAL,HEALTHY
BIN-011,Zone B - Sector 11 Municipal Bin,12.99104,77.61272,Organic,700.0,58.8,164.6,SENS-BIN-011,85.0,OPERATIONAL,HEALTHY
BIN-012,Zone C - Sector 12 Municipal Bin,12.97963,77.62245,General,1200.0,32.2,85.0,SENS-BIN-012,85.0,OPERATIONAL,HEALTHY
BIN-013,Zone D - Sector 13 Municipal Bin,12.94097,77.58764,Recyclable,700.0,74.2,62.3,SENS-BIN-013,85.0,OPERATIONAL,HEALTHY
BIN-014,Zone E - Sector 14 Municipal Bin,13.01275,77.57989,Organic,1000.0,27.1,108.4,SENS-BIN-014,85.0,OPERATIONAL,HEALTHY
BIN-016,Zone B - Sector 16 Municipal Bin,12.95891,77.58056,Recyclable,700.0,44.6,37.5,SENS-BIN-016,85.0,OPERATIONAL,HEALTHY
BIN-017,Zone C - Sector 17 Municipal Bin,12.99228,77.59786,Organic,1000.0,78.0,312.0,SENS-BIN-017,85.0,OPERATIONAL,HEALTHY
BIN-018,Zone D - Sector 18 Municipal Bin,12.95299,77.60618,General,1200.0,21.1,55.7,SENS-BIN-018,85.0,OPERATIONAL,HEALTHY
BIN-019,Zone E - Sector 19 Municipal Bin,12.99001,77.55372,Recyclable,1000.0,60.0,72.0,SENS-BIN-019,85.0,OPERATIONAL,HEALTHY
BIN-021,Zone B - Sector 21 Municipal Bin,13.01527,77.62658,General,800.0,75.3,132.5,SENS-BIN-021,85.0,OPERATIONAL,HEALTHY
BIN-022,Zone C - Sector 22 Municipal Bin,12.96741,77.62467,Recyclable,700.0,44.6,37.5,SENS-BIN-022,85.0,OPERATIONAL,HEALTHY
BIN-023,Zone D - Sector 23 Municipal Bin,12.94546,77.57363,Organic,800.0,43.9,140.5,SENS-BIN-023,85.0,OPERATIONAL,HEALTHY
BIN-024,Zone E - Sector 24 Municipal Bin,12.942,77.61522,General,700.0,62.5,96.2,SENS-BIN-024,85.0,OPERATIONAL,HEALTHY
BIN-025,Zone A - Sector 25 Municipal Bin,12.9509,77.63289,Recyclable,800.0,51.1,49.1,SENS-BIN-025,85.0,OPERATIONAL,INVALID
BIN-026,Zone B - Sector 26 Municipal Bin,13.00246,77.61944,Organic,800.0,68.4,218.9,SENS-BIN-026,85.0,OPERATIONAL,HEALTHY
BIN-027,Zone C - Sector 27 Municipal Bin,12.99905,77.5857,General,800.0,79.1,139.2,SENS-BIN-027,85.0,OPERATIONAL,HEALTHY
BIN-028,Zone D - Sector 28 Municipal Bin,13.01146,77.62847,Recyclable,700.0,31.5,26.5,SENS-BIN-028,85.0,OPERATIONAL,HEALTHY
BIN-029,Zone E - Sector 29 Municipal Bin,12.97153,77.62922,Organic,1000.0,31.6,126.4,SENS-BIN-029,85.0,OPERATIONAL,HEALTHY
BIN-030,Zone A - Sector 30 Municipal Bin,12.93917,77.61665,General,1200.0,26.1,68.9,SENS-BIN-030,85.0,OPERATIONAL,OFFLINE
BIN-031,Zone B - Sector 31 Municipal Bin,12.96516,77.60212,Recyclable,1000.0,73.3,88.0,SENS-BIN-031,85.0,OPERATIONAL,HEALTHY
BIN-032,Zone C - Sector 32 Municipal Bin,13.01638,77.59546,Organic,1000.0,32.1,128.4,SENS-BIN-032,85.0,OPERATIONAL,HEALTHY
BIN-033,Zone D - Sector 33 Municipal Bin,13.0041,77.56336,General,700.0,74.0,114.0,SENS-BIN-033,85.0,OPERATIONAL,HEALTHY
BIN-034,Zone E - Sector 34 Municipal Bin,12.96459,77.55532,Recyclable,800.0,76.8,73.7,SENS-BIN-034,85.0,OPERATIONAL,HEALTHY
BIN-035,Zone A - Sector 35 Municipal Bin,12.96872,77.57223,Organic,1200.0,61.5,295.2,SENS-BIN-035,85.0,OPERATIONAL,HEALTHY
BIN-036,Zone B - Sector 36 Municipal Bin,12.93691,77.62923,General,700.0,68.1,104.9,SENS-BIN-036,85.0,OPERATIONAL,HEALTHY
BIN-037,Zone C - Sector 37 Municipal Bin,12.95722,77.57602,Recyclable,1000.0,75.0,90.0,SENS-BIN-037,85.0,OPERATIONAL,HEALTHY
BIN-038,Zone D - Sector 38 Municipal Bin,13.01244,77.62843,Organic,800.0,50.4,161.3,SENS-BIN-038,85.0,OPERATIONAL,HEALTHY
BIN-039,Zone E - Sector 39 Municipal Bin,12.99518,77.59529,General,1000.0,90.8,199.8,SENS-BIN-039,85.0,OPERATIONAL,HEALTHY
BIN-040,Zone A - Sector 40 Municipal Bin,12.95346,77.60711,Recyclable,700.0,82.9,69.6,SENS-BIN-040,85.0,OPERATIONAL,HEALTHY
BIN-041,Zone B - Sector 41 Municipal Bin,12.99523,77.59814,Organic,800.0,26.9,86.1,SENS-BIN-041,85.0,OPERATIONAL,HEALTHY
BIN-042,Zone C - Sector 42 Municipal Bin,12.97057,77.55967,General,700.0,61.7,95.0,SENS-BIN-042,85.0,OPERATIONAL,HEALTHY
BIN-043,Zone D - Sector 43 Municipal Bin,13.00145,77.57728,Recyclable,1000.0,83.5,100.2,SENS-BIN-043,85.0,OPERATIONAL,HEALTHY
BIN-044,Zone E - Sector 44 Municipal Bin,12.97766,77.55669,Organic,700.0,33.8,94.6,SENS-BIN-044,85.0,OPERATIONAL,HEALTHY
BIN-045,Zone A - Sector 45 Municipal Bin,13.01462,77.59754,General,1200.0,78.6,207.5,SENS-BIN-045,85.0,OPERATIONAL,HEALTHY
BIN-046,Zone B - Sector 46 Municipal Bin,12.96938,77.59908,Recyclable,800.0,25.0,24.0,SENS-BIN-046,85.0,OPERATIONAL,HEALTHY
BIN-047,Zone C - Sector 47 Municipal Bin,12.98119,77.63639,Organic,1000.0,56.2,224.8,SENS-BIN-047,85.0,OPERATIONAL,HEALTHY
BIN-048,Zone D - Sector 48 Municipal Bin,12.96251,77.61005,General,800.0,70.6,124.3,SENS-BIN-048,85.0,OPERATIONAL,HEALTHY
BIN-049,Zone E - Sector 49 Municipal Bin,12.97318,77.56049,Recyclable,1000.0,49.2,59.0,SENS-BIN-049,85.0,OPERATIONAL,HEALTHY
BIN-050,Zone A - Sector 50 Municipal Bin,12.92849,77.59945,Organic,800.0,20.0,64.0,SENS-BIN-050,85.0,OPERATIONAL,HEALTHY
BIN-051,Zone B - Sector 51 Municipal Bin,12.99031,77.5549,General,800.0,15.6,27.5,SENS-BIN-051,85.0,OPERATIONAL,HEALTHY
BIN-052,Zone C - Sector 52 Municipal Bin,13.00397,77.55598,Recyclable,700.0,85.6,71.9,SENS-BIN-052,85.0,OPERATIONAL,HEALTHY
BIN-053,Zone D - Sector 53 Municipal Bin,12.97029,77.59813,Organic,800.0,36.7,117.4,SENS-BIN-053,85.0,OPERATIONAL,HEALTHY
BIN-054,Zone E - Sector 54 Municipal Bin,12.96917,77.58624,General,1200.0,34.0,89.8,SENS-BIN-054,85.0,OPERATIONAL,HEALTHY
BIN-055,Zone A - Sector 55 Municipal Bin,12.96539,77.58772,Recyclable,700.0,22.6,19.0,SENS-BIN-055,85.0,OPERATIONAL,HEALTHY
BIN-056,Zone B - Sector 56 Municipal Bin,12.93148,77.60841,Organic,1200.0,82.4,395.5,SENS-BIN-056,85.0,OPERATIONAL,HEALTHY
BIN-057,Zone C - Sector 57 Municipal Bin,12.99214,77.62165,General,700.0,19.7,30.3,SENS-BIN-057,85.0,OPERATIONAL,HEALTHY
BIN-058,Zone D - Sector 58 Municipal Bin,12.94372,77.58998,Recyclable,700.0,34.4,28.9,SENS-BIN-058,85.0,OPERATIONAL,HEALTHY
BIN-059,Zone E - Sector 59 Municipal Bin,12.96824,77.6283,Organic,1200.0,29.3,140.6,SENS-BIN-059,85.0,OPERATIONAL,HEALTHY
BIN-060,Zone A - Sector 60 Municipal Bin,13.00412,77.59913,General,700.0,49.6,76.4,SENS-BIN-060,85.0,OPERATIONAL,HEALTHY
