collection_id,bin_id,vehicle_id,route_id,scheduled_time,actual_collection_time,estimated_volume,actual_volume,status,operator_comment
COL-HIST-0001,BIN-002,TRUCK-02,RT-HIST-001,2026-09-09T05:46:30.413001,2026-09-09T05:46:30.413001,2634.3,2634.3,VERIFIED,Routine completed collection.
COL-HIST-0002,BIN-003,TRUCK-03,RT-HIST-002,2026-09-18T19:46:30.413320,2026-09-18T19:46:30.413320,2756.7,2756.7,VERIFIED,Routine completed collection.
COL-HIST-0003,BIN-004,TRUCK-04,RT-HIST-003,2026-10-01T17:46:30.413456,2026-10-01T17:46:30.413456,944.1,944.1,VERIFIED,Routine completed collection.
COL-HIST-0004,BIN-005,TRUCK-05,RT-HIST-004,2026-09-10T23:46:30.413521,2026-09-10T23:46:30.413521,2029.5,2029.5,VERIFIED,Routine completed collection.
COL-HIST-0005,BIN-006,TRUCK-06,RT-HIST-005,2026-09-28T20:46:30.413577,2026-09-28T20:46:30.413577,1916.5,1916.5,VERIFIED,Routine completed collection.
COL-HIST-0006,BIN-007,TRUCK-01,RT-HIST-006,2026-09-10T21:46:30.413971,2026-09-10T21:46:30.413971,2346.8,2346.8,VERIFIED,Routine completed collection.
COL-HIST-0007,BIN-008,TRUCK-02,RT-HIST-007,2026-09-13T08:46:30.414196,2026-09-13T08:46:30.414196,2584.3,2584.3,VERIFIED,Routine completed collection.
COL-HIST-0008,BIN-009,TRUCK-03,RT-HIST-008,2026-09-16T18:46:30.414304,2026-09-16T18:46:30.414304,2170.8,2170.8,VERIFIED,Routine completed collection.
COL-HIST-0009,BIN-010,TRUCK-04,RT-HIST-009,2026-09-24T23:46:30.414432,2026-09-24T23:46:30.414432,968.4,968.4,VERIFIED,Routine completed collection.
COL-HIST-0010,BIN-011,TRUCK-05,RT-HIST-010,2026-09-11T21:46:30.414500,2026-09-11T21:46:30.414500,916.6,916.6,VERIFIED,Routine completed collection.
COL-HIST-0011,BIN-012,TRUCK-06,RT-HIST-011,2026-09-17T15:46:30.414559,2026-09-17T15:46:30.414559,2538.0,2538.0,VERIFIED,Routine completed collection.
COL-HIST-0012,BIN-013,TRUCK-01,RT-HIST-012,2026-09-22T06:46:30.414629,2026-09-22T06:46:30.414629,996.3,996.3,VERIFIED,Routine completed collection.
COL-HIST-0013,BIN-014,TRUCK-02,RT-HIST-013,2026-09-19T20:46:30.414686,2026-09-19T20:46:30.414686,2386.3,2386.3,VERIFIED,Routine completed collection.
COL-HIST-0014,BIN-015,TRUCK-03,RT-HIST-014,2026-09-29T14:46:30.414740,2026-09-29T14:46:30.414740,1988.5,1988.5,VERIFIED,Routine completed collection.
COL-HIST-0015,BIN-016,TRUCK-04,RT-HIST-015,2026-09-15T03:46:30.414797,2026-09-15T03:46:30.414797,2158.2,2158.2,VERIFIED,Routine completed collection.
COL-HIST-0016,BIN-017,TRUCK-05,RT-HIST-016,2026-09-21T08:46:30.414867,2026-09-21T08:46:30.414867,2230.2,2230.2,VERIFIED,Routine completed collection.
COL-HIST-0017,BIN-018,TRUCK-06,RT-HIST-017,2026-09-07T14:46:30.414927,2026-09-07T14:46:30.414927,2595.6,2595.6,VERIFIED,Routine completed collection.
COL-HIST-0018,BIN-019,TRUCK-01,RT-HIST-018,2026-09-09T19:46:30.414977,2026-09-09T19:46:30.414977,1810.8,1810.8,VERIFIED,Routine completed collection.
COL-HIST-0019,BIN-020,TRUCK-02,RT-HIST-019,2026-10-01T23:46:30.415043,2026-10-01T23:46:30.415043,1016.1,1016.1,VERIFIED,Routine completed collection.
COL-HIST-0020,BIN-021,TRUCK-03,RT-HIST-020,2026-09-22T16:46:30.415107,2026-09-22T16:46:30.415107,2565.0,2565.0,VERIFIED,Routine completed collection.
COL-HIST-0021,BIN-022,TRUCK-04,RT-HIST-021,2026-09-26T18:46:30.415172,2026-09-26T18:46:30.415172,1600.6,1600.6,VERIFIED,Routine completed collection.
COL-HIST-0022,BIN-023,TRUCK-05,RT-HIST-022,2026-09-19T06:46:30.415223,2026-09-19T06:46:30.415223,2548.3,2548.3,VERIFIED,Routine completed collection.
COL-HIST-0023,BIN-024,TRUCK-06,RT-HIST-023,2026-09-20T03:46:30.415365,2026-09-20T03:46:30.415365,2102.0,2102.0,VERIFIED,Routine completed collection.
COL-HIST-0024,BIN-025,TRUCK-01,RT-HIST-024,2026-09-22T06:46:30.425238,2026-09-22T06:46:30.425238,2553.8,2553.8,VERIFIED,Routine completed collection.
COL-HIST-0025,BIN-001,TRUCK-02,RT-HIST-025,2026-09-10T15:46:30.425377,2026-09-10T15:46:30.425377,908.6,908.6,VERIFIED,Routine completed collection.
COL-HIST-0026,BIN-002,TRUCK-03,RT-HIST-026,2026-09-10T15:46:30.425439,2026-09-10T15:46:30.425439,2443.0,2443.0,VERIFIED,Routine completed collection.
COL-HIST-0027,BIN-003,TRUCK-04,RT-HIST-027,2026-09-16T08:46:30.425495,2026-09-16T08:46:30.425495,1094.9,1094.9,VERIFIED,Routine completed collection.
COL-HIST-0028,BIN-004,TRUCK-05,RT-HIST-028,2026-09-16T17:46:30.425549,2026-09-16T17:46:30.425549,2788.2,2788.2,VERIFIED,Routine completed collection.
COL-HIST-0029,BIN-005,TRUCK-06,RT-HIST-029,2026-09-28T06:46:30.425617,2026-09-28T06:46:30.425617,2273.4,2273.4,VERIFIED,Routine completed collection.
COL-HIST-0030,BIN-006,TRUCK-01,RT-HIST-030,2026-09-21T17:46:30.425674,2026-09-21T17:46:30.425674,2200.5,2200.5,VERIFIED,Routine completed collection.
COL-HIST-0031,BIN-007,TRUCK-02,RT-HIST-031,2026-09-10T02:46:30.425734,2026-09-10T02:46:30.425734,1695.6,1695.6,VERIFIED,Routine completed collection.
COL-HIST-0032,BIN-008,TRUCK-03,RT-HIST-032,2026-09-22T19:46:30.425792,2026-09-22T19:46:30.425792,1651.5,1651.5,VERIFIED,Routine completed collection.
COL-HIST-0033,BIN-009,TRUCK-04,RT-HIST-033,2026-09-08T17:46:30.425862,2026-09-08T17:46:30.425862,1102.0,1102.0,VERIFIED,Routine completed collection.
COL-HIST-0034,BIN-010,TRUCK-05,RT-HIST-034,2026-09-21T16:46:30.426019,2026-09-21T16:46:30.426019,2592.9,2592.9,VERIFIED,Routine completed collection.
COL-HIST-0035,BIN-011,TRUCK-06,RT-HIST-035,2026-09-10T00:46:30.426058,2026-09-10T00:46:30.426058,1269.9,1269.9,VERIFIED,Routine completed collection.
COL-HIST-0036,BIN-012,TRUCK-01,RT-HIST-036,2026-09-10T04:46:30.426091,2026-09-10T04:46:30.426091,1540.4,1540.4,VERIFIED,Routine completed collection.
COL-HIST-0037,BIN-013,TRUCK-02,RT-HIST-037,2026-09-10T06:46:30.426147,2026-09-10T06:46:30.426147,1957.5,1957.5,VERIFIED,Routine completed collection.
COL-HIST-0038,BIN-014,TRUCK-03,RT-HIST-038,2026-09-10T20:46:30.426188,2026-09-10T20:46:30.426188,1999.4,1999.4,VERIFIED,Routine completed collection.
COL-HIST-0039,BIN-015,TRUCK-04,RT-HIST-039,2026-09-22T20:46:30.426273,2026-09-22T20:46:30.426273,2391.8,2391.8,VERIFIED,Routine completed collection.
COL-HIST-0040,BIN-016,TRUCK-05,RT-HIST-040,2026-09-28T08:46:30.426328,2026-09-28T08:46:30.426328,1915.6,1915.6,VERIFIED,Routine completed collection.
