collection_id,waste_type,weight_kg,recyclable_weight_kg,contamination_weight_kg,created_at
COL-HIST-0001,General,585.4,0.0,64.6,2026-09-09T05:46:30.413001
COL-HIST-0002,Recyclable,612.6,563.6,30.0,2026-09-18T19:46:30.413320
COL-HIST-0003,General,209.8,0.0,19.4,2026-10-01T17:46:30.413456
COL-HIST-0004,Organic,451.0,369.8,38.4,2026-09-10T23:46:30.413521
COL-HIST-0005,Organic,425.9,349.2,40.9,2026-09-28T20:46:30.413577
COL-HIST-0006,Organic,521.5,427.6,41.0,2026-09-10T21:46:30.413971
COL-HIST-0007,General,574.3,0.0,48.6,2026-09-13T08:46:30.414196
COL-HIST-0008,General,482.4,0.0,25.4,2026-09-16T18:46:30.414304
COL-HIST-0009,General,215.2,0.0,17.1,2026-09-24T23:46:30.414432
COL-HIST-0010,Recyclable,203.7,187.4,11.8,2026-09-11T21:46:30.414500
COL-HIST-0011,Recyclable,564.0,518.9,26.1,2026-09-17T15:46:30.414559
COL-HIST-0012,Recyclable,221.4,203.7,17.7,2026-09-22T06:46:30.414629
COL-HIST-0013,Recyclable,530.3,487.9,22.0,2026-09-19T20:46:30.414686
COL-HIST-0014,General,441.9,0.0,17.7,2026-09-29T14:46:30.414740
COL-HIST-0015,Organic,479.6,393.3,53.3,2026-09-15T03:46:30.414797
COL-HIST-0016,Organic,495.6,406.4,57.5,2026-09-21T08:46:30.414867
COL-HIST-0017,General,576.8,0.0,38.4,2026-09-07T14:46:30.414927
COL-HIST-0018,Organic,402.4,330.0,37.3,2026-09-09T19:46:30.414977
COL-HIST-0019,General,225.8,0.0,20.9,2026-10-01T23:46:30.415043
COL-HIST-0020,Recyclable,570.0,524.4,66.8,2026-09-22T16:46:30.415107
COL-HIST-0021,Organic,355.7,291.7,17.3,2026-09-26T18:46:30.415172
COL-HIST-0022,General,566.3,0.0,56.3,2026-09-19T06:46:30.415223
COL-HIST-0023,Recyclable,467.1,429.7,25.7,2026-09-20T03:46:30.415365
COL-HIST-0024,Recyclable,567.5,522.1,31.4,2026-09-22T06:46:30.425238
COL-HIST-0025,Recyclable,201.9,185.7,18.3,2026-09-10T15:46:30.425377
COL-HIST-0026,General,542.9,0.0,41.3,2026-09-10T15:46:30.425439
COL-HIST-0027,Organic,243.3,199.5,19.4,2026-09-16T08:46:30.425495
COL-HIST-0028,Organic,619.6,508.1,66.4,2026-09-16T17:46:30.425549
COL-HIST-0029,General,505.2,0.0,27.2,2026-09-28T06:46:30.425617
COL-HIST-0030,Recyclable,489.0,449.9,43.3,2026-09-21T17:46:30.425674
COL-HIST-0031,Recyclable,376.8,346.7,33.4,2026-09-10T02:46:30.425734
COL-HIST-0032,Recyclable,367.0,337.6,24.7,2026-09-22T19:46:30.425792
COL-HIST-0033,General,244.9,0.0,21.6,2026-09-08T17:46:30.425862
COL-HIST-0034,Recyclable,576.2,530.1,48.3,2026-09-21T16:46:30.426019
COL-HIST-0035,Organic,282.2,231.4,16.0,2026-09-10T00:46:30.426058
COL-HIST-0036,Organic,342.3,280.7,32.1,2026-09-10T04:46:30.426091
COL-HIST-0037,Organic,435.0,356.7,39.6,2026-09-10T06:46:30.426147
COL-HIST-0038,Recyclable,444.3,408.8,38.5,2026-09-10T20:46:30.426188
COL-HIST-0039,Organic,531.5,435.8,57.0,2026-09-22T20:46:30.426273
COL-HIST-0040,General,425.7,0.0,17.9,2026-09-28T08:46:30.426328
